-- phpMyAdmin SQL Dump
-- version 5.2.1
-- https://www.phpmyadmin.net/
--
-- Host: 127.0.0.1
-- Generation Time: Feb 23, 2024 at 06:36 AM
-- Server version: 10.4.32-MariaDB
-- PHP Version: 8.2.12

SET SQL_MODE = "NO_AUTO_VALUE_ON_ZERO";
START TRANSACTION;
SET time_zone = "+00:00";


/*!40101 SET @OLD_CHARACTER_SET_CLIENT=@@CHARACTER_SET_CLIENT */;
/*!40101 SET @OLD_CHARACTER_SET_RESULTS=@@CHARACTER_SET_RESULTS */;
/*!40101 SET @OLD_COLLATION_CONNECTION=@@COLLATION_CONNECTION */;
/*!40101 SET NAMES utf8mb4 */;

--
-- Database: `ukk_perpus`
--

-- --------------------------------------------------------

--
-- Table structure for table `buku`
--

CREATE TABLE `buku` (
  `id_buku` int(11) NOT NULL,
  `id_kategori` int(11) DEFAULT NULL,
  `judul` varchar(255) DEFAULT NULL,
  `penulis` varchar(255) DEFAULT NULL,
  `penerbit` varchar(255) DEFAULT NULL,
  `tahun_terbit` varchar(255) DEFAULT NULL,
  `deskripsi` text DEFAULT NULL
) ENGINE=InnoDB DEFAULT CHARSET=utf8mb4 COLLATE=utf8mb4_general_ci;

--
-- Dumping data for table `buku`
--

INSERT INTO `buku` (`id_buku`, `id_kategori`, `judul`, `penulis`, `penerbit`, `tahun_terbit`, `deskripsi`) VALUES
(2, 7, 'Cinderella', 'aku', 'Gramedia', '1996', ''),
(4, 1, 'Kecil-kecil Berbahaya', 'ty', 'PT.aman', '2000', ''),
(5, 6, 'Milea', 'ty', 'PT.aman', '1999', 'sangat bagus sekali novelnya'),
(6, 7, 'JJJ', 'yuyun', 'PT.Saturnus', '2023', '');

-- --------------------------------------------------------

--
-- Table structure for table `kategori`
--

CREATE TABLE `kategori` (
  `id_kategori` int(11) NOT NULL,
  `kategori` varchar(255) DEFAULT NULL
) ENGINE=InnoDB DEFAULT CHARSET=utf8mb4 COLLATE=utf8mb4_general_ci;

--
-- Dumping data for table `kategori`
--

INSERT INTO `kategori` (`id_kategori`, `kategori`) VALUES
(1, 'StarBooks2024'),
(6, 'Novel'),
(7, 'Komik'),
(8, 'LKS');

-- --------------------------------------------------------

--
-- Table structure for table `peminjaman`
--

CREATE TABLE `peminjaman` (
  `id_peminjaman` int(11) NOT NULL,
  `id_user` int(11) DEFAULT NULL,
  `id_buku` int(11) DEFAULT NULL,
  `tanggal_peminjaman` varchar(255) DEFAULT NULL,
  `tanggal_pengembalian` varchar(255) DEFAULT NULL,
  `status_peminjaman` enum('dipinjam','dikembalikan') DEFAULT NULL
) ENGINE=InnoDB DEFAULT CHARSET=utf8mb4 COLLATE=utf8mb4_general_ci;

--
-- Dumping data for table `peminjaman`
--

INSERT INTO `peminjaman` (`id_peminjaman`, `id_user`, `id_buku`, `tanggal_peminjaman`, `tanggal_pengembalian`, `status_peminjaman`) VALUES
(2, 3, 2, '2024-01-27', '2024-02-09', 'dikembalikan'),
(4, 3, 2, '2024-02-07', '2024-03-07', 'dipinjam'),
(5, 3, 5, '2024-02-19', '2024-02-20', 'dikembalikan'),
(6, 5, 2, '2023-12-04', '2023-01-05', 'dipinjam');

-- --------------------------------------------------------

--
-- Table structure for table `ulasan`
--

CREATE TABLE `ulasan` (
  `id_ulasan` int(11) NOT NULL,
  `id_user` int(11) DEFAULT NULL,
  `id_buku` int(11) DEFAULT NULL,
  `ulasan` text DEFAULT NULL,
  `rating` int(11) DEFAULT NULL
) ENGINE=InnoDB DEFAULT CHARSET=utf8mb4 COLLATE=utf8mb4_general_ci;

--
-- Dumping data for table `ulasan`
--

INSERT INTO `ulasan` (`id_ulasan`, `id_user`, `id_buku`, `ulasan`, `rating`) VALUES
(5, 5, 2, 'seru banget hiiii', 10);

-- --------------------------------------------------------

--
-- Table structure for table `user`
--

CREATE TABLE `user` (
  `id_user` int(11) NOT NULL,
  `nama` varchar(255) DEFAULT NULL,
  `username` varchar(255) DEFAULT NULL,
  `password` varchar(255) DEFAULT NULL,
  `email` varchar(255) DEFAULT NULL,
  `alamat` text DEFAULT NULL,
  `no_telepon` varchar(255) DEFAULT NULL,
  `level` enum('admin','petugas','peminjam') DEFAULT NULL
) ENGINE=InnoDB DEFAULT CHARSET=utf8mb4 COLLATE=utf8mb4_general_ci;

--
-- Dumping data for table `user`
--

INSERT INTO `user` (`id_user`, `nama`, `username`, `password`, `email`, `alamat`, `no_telepon`, `level`) VALUES
(1, 'Administrator', 'admin', '21232f297a57a5a743894a0e4a801fc3', 'admin@gmail.com', 'Jawa Timur ', '08567891011', 'admin'),
(2, 'Petugas 1', 'petugas', 'afb91ef692fd08c445e8cb1bab2ccf9c', 'petugas@gmail.com', 'Jawa Tengah', '08567891012', 'petugas'),
(3, 'Siswa 1', 'peminjam', '55f3894bc5fc71fead8412d321c2952c', 'peminjam@gmail.com', 'Jawa Timur', '085612345678', 'peminjam'),
(4, 'Rzkyy', 'bimo', 'c72444a1b9678e55273d5d5f315a6c0e', 'web@gmail.com', 'Jatim', '08123456789', 'admin'),
(5, 'ty', 'ty', '36f3af6226e0b5303e19b824e7442272', 'ty@gmail.com', 'mojoagung', '097075475637', 'peminjam'),
(6, 'samsul', 'samsul', '6ddcd35687be9a4415e4416a6dd6829e', 'samsul@gmail.com', 'Sidoarjo', '4652348392072', 'peminjam');

--
-- Indexes for dumped tables
--

--
-- Indexes for table `buku`
--
ALTER TABLE `buku`
  ADD PRIMARY KEY (`id_buku`),
  ADD KEY `id_kategori` (`id_kategori`);

--
-- Indexes for table `kategori`
--
ALTER TABLE `kategori`
  ADD PRIMARY KEY (`id_kategori`);

--
-- Indexes for table `peminjaman`
--
ALTER TABLE `peminjaman`
  ADD PRIMARY KEY (`id_peminjaman`),
  ADD KEY `id_user` (`id_user`);

--
-- Indexes for table `ulasan`
--
ALTER TABLE `ulasan`
  ADD PRIMARY KEY (`id_ulasan`),
  ADD KEY `id_user` (`id_user`),
  ADD KEY `id_buku` (`id_buku`);

--
-- Indexes for table `user`
--
ALTER TABLE `user`
  ADD PRIMARY KEY (`id_user`);

--
-- AUTO_INCREMENT for dumped tables
--

--
-- AUTO_INCREMENT for table `buku`
--
ALTER TABLE `buku`
  MODIFY `id_buku` int(11) NOT NULL AUTO_INCREMENT, AUTO_INCREMENT=7;

--
-- AUTO_INCREMENT for table `kategori`
--
ALTER TABLE `kategori`
  MODIFY `id_kategori` int(11) NOT NULL AUTO_INCREMENT, AUTO_INCREMENT=9;

--
-- AUTO_INCREMENT for table `peminjaman`
--
ALTER TABLE `peminjaman`
  MODIFY `id_peminjaman` int(11) NOT NULL AUTO_INCREMENT, AUTO_INCREMENT=7;

--
-- AUTO_INCREMENT for table `ulasan`
--
ALTER TABLE `ulasan`
  MODIFY `id_ulasan` int(11) NOT NULL AUTO_INCREMENT, AUTO_INCREMENT=6;

--
-- AUTO_INCREMENT for table `user`
--
ALTER TABLE `user`
  MODIFY `id_user` int(11) NOT NULL AUTO_INCREMENT, AUTO_INCREMENT=7;

--
-- Constraints for dumped tables
--

--
-- Constraints for table `buku`
--
ALTER TABLE `buku`
  ADD CONSTRAINT `buku_ibfk_1` FOREIGN KEY (`id_kategori`) REFERENCES `kategori` (`id_kategori`);

--
-- Constraints for table `peminjaman`
--
ALTER TABLE `peminjaman`
  ADD CONSTRAINT `peminjaman_ibfk_1` FOREIGN KEY (`id_user`) REFERENCES `user` (`id_user`);

--
-- Constraints for table `ulasan`
--
ALTER TABLE `ulasan`
  ADD CONSTRAINT `ulasan_ibfk_1` FOREIGN KEY (`id_user`) REFERENCES `user` (`id_user`),
  ADD CONSTRAINT `ulasan_ibfk_2` FOREIGN KEY (`id_buku`) REFERENCES `buku` (`id_buku`);
COMMIT;

/*!40101 SET CHARACTER_SET_CLIENT=@OLD_CHARACTER_SET_CLIENT */;
/*!40101 SET CHARACTER_SET_RESULTS=@OLD_CHARACTER_SET_RESULTS */;
/*!40101 SET COLLATION_CONNECTION=@OLD_COLLATION_CONNECTION */;
